# --- !Ups

--insert elements that is not included yet
insert into element (id, unit) values ('boolean_clear_sky_weather(cloud_area_fraction P1D)','sum');
insert into element (id, unit) values ('boolean_fair_weather(cloud_area_fraction P1D)','sum');
insert into element (id, unit) values ('integral_of_deficit(mean(air_temperature P1D) P1M 0.0)','degree-day');
insert into element (id, unit) values ('integral_of_deficit(mean(air_temperature PT1H) P1D 0.0)','degree-day');
insert into element (id, unit) values ('integral_of_excess(mean(air_temperature P1D) P1M 17.0)','degree-day');
insert into element (id, unit) values ('integral_of_excess(mean(air_temperature PT1H) P1D 17.0)','degree-day');
insert into element (id, unit) values ('max(max(wind_speed P1D) P1M)','m/s');
insert into element (id, unit) values ('max(max(wind_speed PT1H) P1D)','m/s');
insert into element (id, unit) values ('max(min(grass_temperature P1D) P1M)','degC');
insert into element (id, unit) values ('max(relative_humidity PT1H)','percent');
insert into element (id, unit) values ('max(surface_downwelling_shortwave_flux_in_air PT1H)','W/m2');
insert into element (id, unit) values ('max(surface_upwelling_longwave_flux_in_air PT1H)','W/m2');
insert into element (id, unit) values ('mean(max(wind_speed P1D) P1M)','m/s');
insert into element (id, unit) values ('mean(max(wind_speed PT1H) P1D)','m/s');
insert into element (id, unit) values ('mean(min(grass_temperature P1D) P1M)','degC');
insert into element (id, unit) values ('mean(relative_humidity PT1H)','percent');
insert into element (id, unit) values ('mean(water_vapor_partial_pressure_in_air P1D)','hPa');
insert into element (id, unit) values ('mean(water_vapor_partial_pressure_in_air P1M)','hPa');
insert into element (id, unit) values ('min(min(grass_temperature P1D) P1M)','degC');
insert into element (id, unit) values ('min(relative_humidity PT1H)','percent');
insert into element (id, unit) values ('over_time(precipitation_type_primary_significance PT6H)','code');
insert into element (id, unit) values ('over_time(precipitation_type_primary_significance_intensity P1D)','code');
insert into element (id, unit) values ('over_time(precipitation_type_secondary_significance P1D)','code');
insert into element (id, unit) values ('over_time(precipitation_type_secondary_significance PT6H)','code');
insert into element (id, unit) values ('over_time(precipitation_type_secondary_significance_intensity P1D)','code');
insert into element (id, unit) values ('over_time(precipitation_type_tertiary_significance P1D)','code');
insert into element (id, unit) values ('over_time(precipitation_type_tertiary_significance PT6H)','code');
insert into element (id, unit) values ('over_time(precipitation_type_tertiary_significance_intensity P1D)','code');
insert into element (id, unit) values ('over_time(weather_type_additional1 PT6H)','code');
insert into element (id, unit) values ('over_time(weather_type_additional2 PT6H)','code');
insert into element (id, unit) values ('over_time(weather_type_additional3 PT6H)','code');
insert into element (id, unit) values ('over_time(weather_type_primary_significance PT3H)','code');
insert into element (id, unit) values ('over_time(weather_type_primary_significance PT6H)','code');
insert into element (id, unit) values ('over_time(weather_type_secondary_significance PT3H)','code');
insert into element (id, unit) values ('over_time(weather_type_secondary_significance PT6H)','code');
insert into element (id, unit) values ('precipitation_type_primary_significance','code');
insert into element (id, unit) values ('precipitation_type_quaternary_significance','code');
insert into element (id, unit) values ('precipitation_type_secondary_significance','code');
insert into element (id, unit) values ('precipitation_type_tertiary_significance','code');
insert into element (id, unit) values ('sea_wave_spectrum_peak_energy','m*m/H');
insert into element (id, unit) values ('sum(boolean_clear_sky_weather(cloud_area_fraction P1D) P1M)','sum');
insert into element (id, unit) values ('sum(boolean_fair_weather(cloud_area_fraction P1D) P1M)','sum');
insert into element (id, unit) values ('sum(duration_of_sunshine PT1M)','minutes');
insert into element (id, unit) values ('sum(precipitation_amount PT30D)','mm');
insert into element (id, unit) values ('weather_type','code');
insert into element (id, unit) values ('weather_type_automatic','code');

--insert element_names not included yet
insert into element_name (element_id, name, name_locale) values ('boolean_clear_sky_weather(cloud_area_fraction P1D)','Days of clear sky','en-US');
insert into element_name (element_id, name, name_locale) values ('boolean_clear_sky_weather(cloud_area_fraction P1D)','Klarvær','nb-NO');
insert into element_name (element_id, name, name_locale) values ('boolean_clear_sky_weather(cloud_area_fraction P1D)','Klårvêr','nn-NO');
insert into element_name (element_id, name, name_locale) values ('boolean_fair_weather(cloud_area_fraction P1D)','Days of fair weather','en-US');
insert into element_name (element_id, name, name_locale) values ('boolean_fair_weather(cloud_area_fraction P1D)','Pent vær (Birkelands formel)','nb-NO');
insert into element_name (element_id, name, name_locale) values ('boolean_fair_weather(cloud_area_fraction P1D)','Pent vêr (Birkeland-formelen)','nn-NO');
insert into element_name (element_id, name, name_locale) values ('integral_of_deficit(mean(air_temperature P1D) P1M 0.0)','Heat sum','en-US');
insert into element_name (element_id, name, name_locale) values ('integral_of_deficit(mean(air_temperature P1D) P1M 0.0)','Varmesum','nb-NO');
insert into element_name (element_id, name, name_locale) values ('integral_of_deficit(mean(air_temperature P1D) P1M 0.0)','Varmesum','nn-NO');
insert into element_name (element_id, name, name_locale) values ('integral_of_deficit(mean(air_temperature PT1H) P1D 0.0)','Heat sum','en-US');
insert into element_name (element_id, name, name_locale) values ('integral_of_deficit(mean(air_temperature PT1H) P1D 0.0)','Varmesum','nb-NO');
insert into element_name (element_id, name, name_locale) values ('integral_of_deficit(mean(air_temperature PT1H) P1D 0.0)','Varmesum','nn-NO');
insert into element_name (element_id, name, name_locale) values ('integral_of_excess(mean(air_temperature P1D) P1M 17.0)','Energigradtal (basis 17)','nn-NO');
insert into element_name (element_id, name, name_locale) values ('integral_of_excess(mean(air_temperature P1D) P1M 17.0)','Energigradtall (basis 17)','nb-NO');
insert into element_name (element_id, name, name_locale) values ('integral_of_excess(mean(air_temperature P1D) P1M 17.0)','Heating degree days (base 17)','en-US');
insert into element_name (element_id, name, name_locale) values ('integral_of_excess(mean(air_temperature PT1H) P1D 17.0)','Energigradtal (basis 17)','nn-NO');
insert into element_name (element_id, name, name_locale) values ('integral_of_excess(mean(air_temperature PT1H) P1D 17.0)','Energigradtall (basis 17)','nb-NO');
insert into element_name (element_id, name, name_locale) values ('integral_of_excess(mean(air_temperature PT1H) P1D 17.0)','Heating degree days (base 17)','en-US');
insert into element_name (element_id, name, name_locale) values ('max(max(wind_speed P1D) P1M)','Highest mean wind value','en-US');
insert into element_name (element_id, name, name_locale) values ('max(max(wind_speed P1D) P1M)','Kraftigste middelvind','nb-NO');
insert into element_name (element_id, name, name_locale) values ('max(max(wind_speed P1D) P1M)','Sterkaste middelvind','nn-NO');
insert into element_name (element_id, name, name_locale) values ('max(max(wind_speed PT1H) P1D)','Highest mean wind value','en-US');
insert into element_name (element_id, name, name_locale) values ('max(max(wind_speed PT1H) P1D)','Kraftigste middelvind','nb-NO');
insert into element_name (element_id, name, name_locale) values ('max(max(wind_speed PT1H) P1D)','Sterkaste middelvind','nn-NO');
insert into element_name (element_id, name, name_locale) values ('max(min(grass_temperature P1D) P1M)','Highest minimum grass temperature','en-US');
insert into element_name (element_id, name, name_locale) values ('max(min(grass_temperature P1D) P1M)','Maksimum grasminimumstemperatur','nn-NO');
insert into element_name (element_id, name, name_locale) values ('max(min(grass_temperature P1D) P1M)','Maksimum gressminimumstemperatur','nb-NO');
insert into element_name (element_id, name, name_locale) values ('max(relative_humidity PT1H)','Maksimum relativ luftfukt','nn-NO');
insert into element_name (element_id, name, name_locale) values ('max(relative_humidity PT1H)','Maksimum relativ luftfuktighet','nb-NO');
insert into element_name (element_id, name, name_locale) values ('max(relative_humidity PT1H)','Maximum relative humidity','en-US');
insert into element_name (element_id, name, name_locale) values ('max(surface_downwelling_shortwave_flux_in_air PT1H)','Kortbølga stråling ovanfrå (globalstråling), største minuttverdi siste time','nn-NO');
insert into element_name (element_id, name, name_locale) values ('max(surface_downwelling_shortwave_flux_in_air PT1H)','Kortbølget stråling ovenfra (globalstråling), største minuttverdi siste time','nb-NO');
insert into element_name (element_id, name, name_locale) values ('max(surface_downwelling_shortwave_flux_in_air PT1H)','Shortwave radiation from above (global radiation), maximum minute value, last hour','en-US');
insert into element_name (element_id, name, name_locale) values ('max(surface_upwelling_longwave_flux_in_air PT1H)','Langbølga stråling nedanfrå, maksimum siste time','nn-NO');
insert into element_name (element_id, name, name_locale) values ('max(surface_upwelling_longwave_flux_in_air PT1H)','Langbølget stråling nedenfra, maksimum siste time','nb-NO');
insert into element_name (element_id, name, name_locale) values ('max(surface_upwelling_longwave_flux_in_air PT1H)','Longwave radiation from below, maximum last hour','en-US');
insert into element_name (element_id, name, name_locale) values ('mean(max(wind_speed P1D) P1M)','Average of highest mean wind values','en-US');
insert into element_name (element_id, name, name_locale) values ('mean(max(wind_speed P1D) P1M)','Middel av høgaste middelvindverdiar','nn-NO');
insert into element_name (element_id, name, name_locale) values ('mean(max(wind_speed P1D) P1M)','Middel av høyeste middelvindverdier','nb-NO');
insert into element_name (element_id, name, name_locale) values ('mean(max(wind_speed PT1H) P1D)','Average of highest mean wind values','en-US');
insert into element_name (element_id, name, name_locale) values ('mean(max(wind_speed PT1H) P1D)','Middel av høgaste middelvindverdiar','nn-NO');
insert into element_name (element_id, name, name_locale) values ('mean(max(wind_speed PT1H) P1D)','Middel av høyeste middelvindverdier','nb-NO');
insert into element_name (element_id, name, name_locale) values ('mean(min(grass_temperature P1D) P1M)','Mean minimum grass temperature','en-US');
insert into element_name (element_id, name, name_locale) values ('mean(min(grass_temperature P1D) P1M)','Middel av grasminimumstemperatur','nn-NO');
insert into element_name (element_id, name, name_locale) values ('mean(min(grass_temperature P1D) P1M)','Midlere gressminimumstemperatur','nb-NO');
insert into element_name (element_id, name, name_locale) values ('mean(relative_humidity PT1H)','Mean relative humidity','en-US');
insert into element_name (element_id, name, name_locale) values ('mean(relative_humidity PT1H)','Middel av relativ luftfukt','nn-NO');
insert into element_name (element_id, name, name_locale) values ('mean(relative_humidity PT1H)','Midlere relativ luftfuktighet','nb-NO');
insert into element_name (element_id, name, name_locale) values ('mean(water_vapor_partial_pressure_in_air P1D)','Vanndamptrykk','nb-NO');
insert into element_name (element_id, name, name_locale) values ('mean(water_vapor_partial_pressure_in_air P1D)','Vapour pressure','en-US');
insert into element_name (element_id, name, name_locale) values ('mean(water_vapor_partial_pressure_in_air P1D)','Vassdamptrykk','nn-NO');
insert into element_name (element_id, name, name_locale) values ('mean(water_vapor_partial_pressure_in_air P1M)','Vanndamptrykk','nb-NO');
insert into element_name (element_id, name, name_locale) values ('mean(water_vapor_partial_pressure_in_air P1M)','Vapour pressure','en-US');
insert into element_name (element_id, name, name_locale) values ('mean(water_vapor_partial_pressure_in_air P1M)','Vassdamptrykk','nn-NO');
insert into element_name (element_id, name, name_locale) values ('min(min(grass_temperature P1D) P1M)','Lowest minimum grass temperature','en-US');
insert into element_name (element_id, name, name_locale) values ('min(min(grass_temperature P1D) P1M)','Minimum grasminimumstemperatur','nn-NO');
insert into element_name (element_id, name, name_locale) values ('min(min(grass_temperature P1D) P1M)','Minimum gressminimumstemperatur','nb-NO');
insert into element_name (element_id, name, name_locale) values ('min(relative_humidity PT1H)','Minimum relativ luftfukt','nn-NO');
insert into element_name (element_id, name, name_locale) values ('min(relative_humidity PT1H)','Minimum relativ luftfuktighet','nb-NO');
insert into element_name (element_id, name, name_locale) values ('min(relative_humidity PT1H)','Minimum relative humidity','en-US');
insert into element_name (element_id, name, name_locale) values ('over_time(precipitation_type_primary_significance PT6H)','Past weather','en-US');
insert into element_name (element_id, name, name_locale) values ('over_time(precipitation_type_primary_significance PT6H)','Værslag i perioden','nb-NO');
insert into element_name (element_id, name, name_locale) values ('over_time(precipitation_type_primary_significance PT6H)','Vêrslag i perioden','nn-NO');
insert into element_name (element_id, name, name_locale) values ('over_time(precipitation_type_primary_significance_intensity P1D)','Past weather (intensity)','en-US');
insert into element_name (element_id, name, name_locale) values ('over_time(precipitation_type_primary_significance_intensity P1D)','Værslag i perioden (intensitet)','nb-NO');
insert into element_name (element_id, name, name_locale) values ('over_time(precipitation_type_primary_significance_intensity P1D)','Vêrslag i perioden (intensitet)','nn-NO');
insert into element_name (element_id, name, name_locale) values ('over_time(precipitation_type_secondary_significance P1D)','Past weather','en-US');
insert into element_name (element_id, name, name_locale) values ('over_time(precipitation_type_secondary_significance P1D)','Værslag i perioden','nb-NO');
insert into element_name (element_id, name, name_locale) values ('over_time(precipitation_type_secondary_significance P1D)','Vêrslag i perioden','nn-NO');
insert into element_name (element_id, name, name_locale) values ('over_time(precipitation_type_secondary_significance PT6H)','Past weather','en-US');
insert into element_name (element_id, name, name_locale) values ('over_time(precipitation_type_secondary_significance PT6H)','Værslag i perioden','nb-NO');
insert into element_name (element_id, name, name_locale) values ('over_time(precipitation_type_secondary_significance PT6H)','Vêrslag i perioden','nn-NO');
insert into element_name (element_id, name, name_locale) values ('over_time(precipitation_type_secondary_significance_intensity P1D)','Past weather (intensity)','en-US');
insert into element_name (element_id, name, name_locale) values ('over_time(precipitation_type_secondary_significance_intensity P1D)','Værslag i perioden (intensitet)','nb-NO');
insert into element_name (element_id, name, name_locale) values ('over_time(precipitation_type_secondary_significance_intensity P1D)','Vêrslag i perioden (intensitet)','nn-NO');
insert into element_name (element_id, name, name_locale) values ('over_time(precipitation_type_tertiary_significance P1D)','Past weather','en-US');
insert into element_name (element_id, name, name_locale) values ('over_time(precipitation_type_tertiary_significance P1D)','Værslag i perioden','nb-NO');
insert into element_name (element_id, name, name_locale) values ('over_time(precipitation_type_tertiary_significance P1D)','Vêrslag i perioden','nn-NO');
insert into element_name (element_id, name, name_locale) values ('over_time(precipitation_type_tertiary_significance PT6H)','Past weather','en-US');
insert into element_name (element_id, name, name_locale) values ('over_time(precipitation_type_tertiary_significance PT6H)','Værslag i perioden','nb-NO');
insert into element_name (element_id, name, name_locale) values ('over_time(precipitation_type_tertiary_significance PT6H)','Vêrslag i perioden','nn-NO');
insert into element_name (element_id, name, name_locale) values ('over_time(precipitation_type_tertiary_significance_intensity P1D)','Past weather (intensity)','en-US');
insert into element_name (element_id, name, name_locale) values ('over_time(precipitation_type_tertiary_significance_intensity P1D)','Værslag i perioden (intensitet)','nb-NO');
insert into element_name (element_id, name, name_locale) values ('over_time(precipitation_type_tertiary_significance_intensity P1D)','Vêrslag i perioden (intensitet)','nn-NO');
insert into element_name (element_id, name, name_locale) values ('over_time(weather_type_additional1 PT6H)','Past weather','en-US');
insert into element_name (element_id, name, name_locale) values ('over_time(weather_type_additional1 PT6H)','Været siden forrige hovedobservasjon','nb-NO');
insert into element_name (element_id, name, name_locale) values ('over_time(weather_type_additional1 PT6H)','Vêret sidan forrige hovudobservasjon','nn-NO');
insert into element_name (element_id, name, name_locale) values ('over_time(weather_type_additional2 PT6H)','Past weather','en-US');
insert into element_name (element_id, name, name_locale) values ('over_time(weather_type_additional2 PT6H)','Været siden forrige hovedobservasjon','nb-NO');
insert into element_name (element_id, name, name_locale) values ('over_time(weather_type_additional2 PT6H)','Vêret sidan forrige hovudobservasjon','nn-NO');
insert into element_name (element_id, name, name_locale) values ('over_time(weather_type_additional3 PT6H)','Past weather','en-US');
insert into element_name (element_id, name, name_locale) values ('over_time(weather_type_additional3 PT6H)','Været siden forrige hovedobservasjon','nb-NO');
insert into element_name (element_id, name, name_locale) values ('over_time(weather_type_additional3 PT6H)','Vêret sidan forrige hovudobservasjon','nn-NO');
insert into element_name (element_id, name, name_locale) values ('over_time(weather_type_primary_significance PT3H)','Past weather','en-US');
insert into element_name (element_id, name, name_locale) values ('over_time(weather_type_primary_significance PT3H)','Været siden forrige observasjon','nb-NO');
insert into element_name (element_id, name, name_locale) values ('over_time(weather_type_primary_significance PT3H)','Vêret sidan forrige observasjon','nn-NO');
insert into element_name (element_id, name, name_locale) values ('over_time(weather_type_primary_significance PT6H)','Past weather','en-US');
insert into element_name (element_id, name, name_locale) values ('over_time(weather_type_primary_significance PT6H)','Været siden forrige observasjon','nb-NO');
insert into element_name (element_id, name, name_locale) values ('over_time(weather_type_primary_significance PT6H)','Vêret sidan forrige observasjon','nn-NO');
insert into element_name (element_id, name, name_locale) values ('over_time(weather_type_secondary_significance PT3H)','Past weather','en-US');
insert into element_name (element_id, name, name_locale) values ('over_time(weather_type_secondary_significance PT3H)','Været siden forrige observasjon','nb-NO');
insert into element_name (element_id, name, name_locale) values ('over_time(weather_type_secondary_significance PT3H)','Vêret sidan forrige observasjon','nn-NO');
insert into element_name (element_id, name, name_locale) values ('over_time(weather_type_secondary_significance PT6H)','Past weather','en-US');
insert into element_name (element_id, name, name_locale) values ('over_time(weather_type_secondary_significance PT6H)','Været siden forrige observasjon','nb-NO');
insert into element_name (element_id, name, name_locale) values ('over_time(weather_type_secondary_significance PT6H)','Vêret sidan forrige observasjon','nn-NO');
insert into element_name (element_id, name, name_locale) values ('precipitation_type_primary_significance','Present weather','en-US');
insert into element_name (element_id, name, name_locale) values ('precipitation_type_primary_significance','Været ved observasjonstida','nb-NO');
insert into element_name (element_id, name, name_locale) values ('precipitation_type_primary_significance','Vêret ved observasjonstida','nn-NO');
insert into element_name (element_id, name, name_locale) values ('precipitation_type_quaternary_significance','Past weather','en-US');
insert into element_name (element_id, name, name_locale) values ('precipitation_type_quaternary_significance','Værslag i perioden','nb-NO');
insert into element_name (element_id, name, name_locale) values ('precipitation_type_quaternary_significance','Vêrslag i perioden','nn-NO');
insert into element_name (element_id, name, name_locale) values ('precipitation_type_secondary_significance','Present weather','en-US');
insert into element_name (element_id, name, name_locale) values ('precipitation_type_secondary_significance','Været ved observasjonstida','nb-NO');
insert into element_name (element_id, name, name_locale) values ('precipitation_type_secondary_significance','Vêret ved observasjonstida','nn-NO');
insert into element_name (element_id, name, name_locale) values ('precipitation_type_tertiary_significance','Present weather','en-US');
insert into element_name (element_id, name, name_locale) values ('precipitation_type_tertiary_significance','Været ved observasjonstida','nb-NO');
insert into element_name (element_id, name, name_locale) values ('precipitation_type_tertiary_significance','Vêret ved observasjonstida','nn-NO');
insert into element_name (element_id, name, name_locale) values ('sea_wave_spectrum_peak_energy','Spectral density','en-US');
insert into element_name (element_id, name, name_locale) values ('sea_wave_spectrum_peak_energy','Spektral tetthet','nb-NO');
insert into element_name (element_id, name, name_locale) values ('sea_wave_spectrum_peak_energy','Spektral tetthet','nn-NO');
insert into element_name (element_id, name, name_locale) values ('sum(boolean_clear_sky_weather(cloud_area_fraction P1D) P1M)','Days of clear sky','en-US');
insert into element_name (element_id, name, name_locale) values ('sum(boolean_clear_sky_weather(cloud_area_fraction P1D) P1M)','Klarvær','nb-NO');
insert into element_name (element_id, name, name_locale) values ('sum(boolean_clear_sky_weather(cloud_area_fraction P1D) P1M)','Klårvêr','nn-NO');
insert into element_name (element_id, name, name_locale) values ('sum(boolean_fair_weather(cloud_area_fraction P1D) P1M)','Days of fair weather','en-US');
insert into element_name (element_id, name, name_locale) values ('sum(boolean_fair_weather(cloud_area_fraction P1D) P1M)','Pent vær (Birkelands formel)','nb-NO');
insert into element_name (element_id, name, name_locale) values ('sum(boolean_fair_weather(cloud_area_fraction P1D) P1M)','Pent vêr (Birkeland-formelen)','nn-NO');
insert into element_name (element_id, name, name_locale) values ('sum(duration_of_sunshine PT1M)','Sol siste time','nb-NO');
insert into element_name (element_id, name, name_locale) values ('sum(duration_of_sunshine PT1M)','Sol siste timen','nn-NO');
insert into element_name (element_id, name, name_locale) values ('sum(duration_of_sunshine PT1M)','Sunshine last hour','en-US');
insert into element_name (element_id, name, name_locale) values ('sum(precipitation_amount PT30D)','Nedbør 720 timar (siste 30 døgn)','nn-NO');
insert into element_name (element_id, name, name_locale) values ('sum(precipitation_amount PT30D)','Nedbør 720 timer (siste 30 døgn)','nb-NO');
insert into element_name (element_id, name, name_locale) values ('sum(precipitation_amount PT30D)','Precipitation 720 hours (last 30 days)','en-US');
insert into element_name (element_id, name, name_locale) values ('weather_type','Present weather','en-US');
insert into element_name (element_id, name, name_locale) values ('weather_type','Været ved observasjonstida','nb-NO');
insert into element_name (element_id, name, name_locale) values ('weather_type','Vêret ved observasjonstida','nn-NO');
insert into element_name (element_id, name, name_locale) values ('weather_type_automatic','Present weather','en-US');
insert into element_name (element_id, name, name_locale) values ('weather_type_automatic','Været ved observasjonstida','nb-NO');
insert into element_name (element_id, name, name_locale) values ('weather_type_automatic','Vêret ved observasjonstida','nn-NO');

--insert element_descriptions not included yet

insert into element_description (element_id, description, description_locale) values ('boolean_clear_sky_weather(cloud_area_fraction P1D)','"Daily value: If sum of NN at 6, 12 and 18 utc is 4 or lower, then NN04=1, else 0.Monthly value: Sum of daily NN04s (number of days with clear sky)."','en-US');
insert into element_description (element_id, description, description_locale) values ('boolean_clear_sky_weather(cloud_area_fraction P1D)','"Døgnverdi: Dersom summen av NN kl 6, 12 og 18 utc er 4 eller lavere, blir NN04=1, ellers 0.Månedsverdi: Sum av døgn-NN04 (antall dager med klarvær)."','nb-NO');
insert into element_description (element_id, description, description_locale) values ('boolean_clear_sky_weather(cloud_area_fraction P1D)','"Døgnverdi: Dersom summen av NN kl 6, 12 og 18 utc er 4 eller lågare, vert NN04=1, elles 0.Månadsverdi: Sum av døgn-NN04 (talet på dagar med klårvêr)."','nn-NO');
insert into element_description (element_id, description, description_locale) values ('boolean_fair_weather(cloud_area_fraction P1D)','"Daily value: If sum of NN at 6, 12 and 18 utc is 9 or lower (and no single NN-value is above 4), then NN09=1, else 0.Monthly value: Sum of daily NN09s (number of days with fair weather)."','en-US');
insert into element_description (element_id, description, description_locale) values ('boolean_fair_weather(cloud_area_fraction P1D)','"Døgnverdi: Dersom summen av NN kl 6, 12 og 18 utc er 9 eller lavere (og ingen NN er høyere enn 4), blir NN09=1, ellers 0.Månedsverdi: Sum av døgn-NN09 (antall dager med pent vær)."','nb-NO');
insert into element_description (element_id, description, description_locale) values ('boolean_fair_weather(cloud_area_fraction P1D)','"Døgnverdi: Dersom summen av NN kl 6, 12 og 18 utc er 9 eller lågare (og ingen NN er høgare enn 4), vert NN09=1, elles 0.Månadsverdi: Sum av døgn-NN09 (talet på dagar med pent vêr)."','nn-NO');
insert into element_description (element_id, description, description_locale) values ('integral_of_deficit(mean(air_temperature P1D) P1M 0.0)','Figure computed from daily mean temperatures (how many degrees above 0 ºC)','en-US');
insert into element_description (element_id, description, description_locale) values ('integral_of_deficit(mean(air_temperature P1D) P1M 0.0)','Tal som er avleidd av døgnmiddeltemperaturen (gradar > 0 ºC)','nn-NO');
insert into element_description (element_id, description, description_locale) values ('integral_of_deficit(mean(air_temperature P1D) P1M 0.0)','Tall som avledes av døgnmiddeltemperaturen (antall grader > 0 ºC)','nb-NO');
insert into element_description (element_id, description, description_locale) values ('integral_of_deficit(mean(air_temperature PT1H) P1D 0.0)','Figure computed from daily mean temperatures (how many degrees above 0 ºC)','en-US');
insert into element_description (element_id, description, description_locale) values ('integral_of_deficit(mean(air_temperature PT1H) P1D 0.0)','Tal som er avleidd av døgnmiddeltemperaturen (gradar > 0 ºC)','nn-NO');
insert into element_description (element_id, description, description_locale) values ('integral_of_deficit(mean(air_temperature PT1H) P1D 0.0)','Tall som avledes av døgnmiddeltemperaturen (antall grader > 0 ºC)','nb-NO');
insert into element_description (element_id, description, description_locale) values ('integral_of_excess(mean(air_temperature P1D) P1M 17.0)','Figure computed from daily mean temperatures (how many degrees below 17 ºC)','en-US');
insert into element_description (element_id, description, description_locale) values ('integral_of_excess(mean(air_temperature P1D) P1M 17.0)','Også kalla graddagstal eller fyringsgrader. Talet vert avleia av døgnmiddeltemperaturen (talet på grader < 17 ºC)','nn-NO');
insert into element_description (element_id, description, description_locale) values ('integral_of_excess(mean(air_temperature P1D) P1M 17.0)','Også kalt graddagstall eller fyringsgrader. Tallet avledes av døgnmiddeltemperaturen (antall grader < 17 ºC)','nb-NO');
insert into element_description (element_id, description, description_locale) values ('integral_of_excess(mean(air_temperature PT1H) P1D 17.0)','Figure computed from daily mean temperatures (how many degrees below 17 ºC)','en-US');
insert into element_description (element_id, description, description_locale) values ('integral_of_excess(mean(air_temperature PT1H) P1D 17.0)','Også kalla graddagstal eller fyringsgrader. Talet vert avleia av døgnmiddeltemperaturen (talet på grader < 17 ºC)','nn-NO');
insert into element_description (element_id, description, description_locale) values ('integral_of_excess(mean(air_temperature PT1H) P1D 17.0)','Også kalt graddagstall eller fyringsgrader. Tallet avledes av døgnmiddeltemperaturen (antall grader < 17 ºC)','nb-NO');
insert into element_description (element_id, description, description_locale) values ('max(max(wind_speed P1D) P1M)','Daily value: Highest of max 10 minute averages (FX) for the six hour periods before 0, 6, 12 and 18 utc. Monthly value: Maximum of daily FXXs.','en-US');
insert into element_description (element_id, description, description_locale) values ('max(max(wind_speed P1D) P1M)','Døgnverdi: Høgaste verdi av høgaste timinutts middelvind (FX) i sekstimarsperiodane før kl 0, 6,12 og 18 utc. Månadsverdi: Høgaste verdi av døgn-FXX','nn-NO');
insert into element_description (element_id, description, description_locale) values ('max(max(wind_speed P1D) P1M)','Døgnverdi: Høyeste verdi av høyeste timinutters middelvind (FX) i sekstimersperiodene før kl 0, 6, 12 og 18 utc. Månedsverdi: Høyeste verdi av døgn-FXX','nb-NO');
insert into element_description (element_id, description, description_locale) values ('max(max(wind_speed PT1H) P1D)','Daily value: Highest of max 10 minute averages (FX) for the six hour periods before 0, 6, 12 and 18 utc. Monthly value: Maximum of daily FXXs.','en-US');
insert into element_description (element_id, description, description_locale) values ('max(max(wind_speed PT1H) P1D)','Døgnverdi: Høgaste verdi av høgaste timinutts middelvind (FX) i sekstimarsperiodane før kl 0, 6,12 og 18 utc. Månadsverdi: Høgaste verdi av døgn-FXX','nn-NO');
insert into element_description (element_id, description, description_locale) values ('max(max(wind_speed PT1H) P1D)','Døgnverdi: Høyeste verdi av høyeste timinutters middelvind (FX) i sekstimersperiodene før kl 0, 6, 12 og 18 utc. Månedsverdi: Høyeste verdi av døgn-FXX','nb-NO');
insert into element_description (element_id, description, description_locale) values ('max(min(grass_temperature P1D) P1M)','Den høgaste grasminimumstemperatur i månaden','nn-NO');
insert into element_description (element_id, description, description_locale) values ('max(min(grass_temperature P1D) P1M)','Månedens høyeste gressminimumstemperatur','nb-NO');
insert into element_description (element_id, description, description_locale) values ('max(min(grass_temperature P1D) P1M)','The highest minimum grass temperature of the month','en-US');
insert into element_description (element_id, description, description_locale) values ('max(relative_humidity PT1H)','Maksimum relativ luftfukt','nn-NO');
insert into element_description (element_id, description, description_locale) values ('max(relative_humidity PT1H)','Maksimum relativ luftfuktighet','nb-NO');
insert into element_description (element_id, description, description_locale) values ('max(relative_humidity PT1H)','Maximum relative humidity','en-US');
insert into element_description (element_id, description, description_locale) values ('max(surface_downwelling_shortwave_flux_in_air PT1H)','Kortbølga stråling ovanfrå (globalstråling), største minuttverdi siste time','nn-NO');
insert into element_description (element_id, description, description_locale) values ('max(surface_downwelling_shortwave_flux_in_air PT1H)','Kortbølget stråling ovenfra (globalstråling), største minuttverdi siste time','nb-NO');
insert into element_description (element_id, description, description_locale) values ('max(surface_downwelling_shortwave_flux_in_air PT1H)','Shortwave radiation from above (global radiation), maximum minute value during last hour','en-US');
insert into element_description (element_id, description, description_locale) values ('max(surface_upwelling_longwave_flux_in_air PT1H)','Longwave radiation (wave length > ca 3000 nm), maximum value last hour','en-US');
insert into element_description (element_id, description, description_locale) values ('max(surface_upwelling_longwave_flux_in_air PT1H)','Stråling mot horisontalplan (bølgelengd > ca 3000 nm), maksimumsverdi siste time','nn-NO');
insert into element_description (element_id, description, description_locale) values ('max(surface_upwelling_longwave_flux_in_air PT1H)','Stråling mot horisontalplan (bølgelengde > ca 3000 nm), maksimumsverdi siste time','nb-NO');
insert into element_description (element_id, description, description_locale) values ('mean(max(wind_speed P1D) P1M)','Daily value: Arithmetic mean of highest wind averages (FX) for the 24 hour obs. (FX_1) or main obs. 0, 6, 12, 18 (depending on availability). Monthly value: Arithmetic mean of daily FXMs.','en-US');
insert into element_description (element_id, description, description_locale) values ('mean(max(wind_speed P1D) P1M)','Døgnverdi: Aritmetisk middel av høgaste middelvind (FX) frå 24-timesobs. (FX_1) eller hovudobs. 0, 6, 12, 18 (avh. av kva som er tilgj.) i temperaturdøgeret. Månadsverdi: Aritmetisk middel av døgn-FXM','nn-NO');
insert into element_description (element_id, description, description_locale) values ('mean(max(wind_speed P1D) P1M)','Døgnverdi: Aritmetisk middel av høyeste middelvind (FX) fra 24-timesobs. (FX_1) eller hovedobs. 6, 12 , 18, 00 (avh. av tilgjengelighet) i temperaturdøgnet. Månedsverdi: Aritmetisk middel av døgn-FXM','nb-NO');
insert into element_description (element_id, description, description_locale) values ('mean(max(wind_speed PT1H) P1D)','Daily value: Arithmetic mean of highest wind averages (FX) for the 24 hour obs. (FX_1) or main obs. 0, 6, 12, 18 (depending on availability). Monthly value: Arithmetic mean of daily FXMs.','en-US');
insert into element_description (element_id, description, description_locale) values ('mean(max(wind_speed PT1H) P1D)','Døgnverdi: Aritmetisk middel av høgaste middelvind (FX) frå 24-timesobs. (FX_1) eller hovudobs. 0, 6, 12, 18 (avh. av kva som er tilgj.) i temperaturdøgeret. Månadsverdi: Aritmetisk middel av døgn-FXM','nn-NO');
insert into element_description (element_id, description, description_locale) values ('mean(max(wind_speed PT1H) P1D)','Døgnverdi: Aritmetisk middel av høyeste middelvind (FX) fra 24-timesobs. (FX_1) eller hovedobs. 6, 12 , 18, 00 (avh. av tilgjengelighet) i temperaturdøgnet. Månedsverdi: Aritmetisk middel av døgn-FXM','nb-NO');
insert into element_description (element_id, description, description_locale) values ('mean(min(grass_temperature P1D) P1M)','Arithmetic mean of each day''s minimum grass temperature','en-US');
insert into element_description (element_id, description, description_locale) values ('mean(min(grass_temperature P1D) P1M)','Aritmetisk middel av grasminimumstemperaturen for kvart døgn','nn-NO');
insert into element_description (element_id, description, description_locale) values ('mean(min(grass_temperature P1D) P1M)','Aritmetisk middel av gressminimumstemperaturen for hvert døgn','nb-NO');
insert into element_description (element_id, description, description_locale) values ('mean(relative_humidity PT1H)','Mean relative humidity','en-US');
insert into element_description (element_id, description, description_locale) values ('mean(relative_humidity PT1H)','Middel av relativ luftfukt','nn-NO');
insert into element_description (element_id, description, description_locale) values ('mean(relative_humidity PT1H)','Midlere relativ luftfuktighet','nb-NO');
insert into element_description (element_id, description, description_locale) values ('mean(water_vapor_partial_pressure_in_air P1D)','Mean pressure derived from relative humidity and present temperature','en-US');
insert into element_description (element_id, description, description_locale) values ('mean(water_vapor_partial_pressure_in_air P1D)','Middel av trykk utleda av relativ fukt og aktuell temperatur','nn-NO');
insert into element_description (element_id, description, description_locale) values ('mean(water_vapor_partial_pressure_in_air P1D)','Midlere trykk utledet av relativ fuktighet og aktuell temperatur','nb-NO');
insert into element_description (element_id, description, description_locale) values ('mean(water_vapor_partial_pressure_in_air P1M)','Mean pressure derived from relative humidity and present temperature','en-US');
insert into element_description (element_id, description, description_locale) values ('mean(water_vapor_partial_pressure_in_air P1M)','Middel av trykk utleda av relativ fukt og aktuell temperatur','nn-NO');
insert into element_description (element_id, description, description_locale) values ('mean(water_vapor_partial_pressure_in_air P1M)','Midlere trykk utledet av relativ fuktighet og aktuell temperatur','nb-NO');
insert into element_description (element_id, description, description_locale) values ('min(min(grass_temperature P1D) P1M)','Den lågaste grasminimumstemperatur i månaden','nn-NO');
insert into element_description (element_id, description, description_locale) values ('min(min(grass_temperature P1D) P1M)','Månedens laveste gressminimumstemperatur','nb-NO');
insert into element_description (element_id, description, description_locale) values ('min(min(grass_temperature P1D) P1M)','The lowest minimum grass temperature of the month','en-US');
insert into element_description (element_id, description, description_locale) values ('min(relative_humidity PT1H)','Minimum relativ luftfukt','nn-NO');
insert into element_description (element_id, description, description_locale) values ('min(relative_humidity PT1H)','Minimum relativ luftfuktighet','nb-NO');
insert into element_description (element_id, description, description_locale) values ('min(relative_humidity PT1H)','Minimum relative humidity','en-US');
insert into element_description (element_id, description, description_locale) values ('over_time(precipitation_type_primary_significance PT6H)','Været i seks- eller tolvtimersperioden før observasjonstida, tall- eller bokstavkode for ulike værslag, inntil fire forekomster (V4-V7)','nb-NO');
insert into element_description (element_id, description, description_locale) values ('over_time(precipitation_type_primary_significance PT6H)','Vêret i seks- eller tolvtimarsperioden før observasjonstida, tal- eller bokstavkode for ulike vêrslag, inntil fire førekomstar (V4-V7)','nn-NO');
insert into element_description (element_id, description, description_locale) values ('over_time(precipitation_type_primary_significance PT6H)','Weather during six or twelve hours before time of observation, code (number or letter) for different types of weather; up to four codes may be given (V4-V7)','en-US');
insert into element_description (element_id, description, description_locale) values ('over_time(precipitation_type_primary_significance_intensity P1D)','Intencity of weather given by V4, e.g. heavy (rain) or light (showers of snow).','en-US');
insert into element_description (element_id, description, description_locale) values ('over_time(precipitation_type_primary_significance_intensity P1D)','Værintensitet knytta til værslag gitt ved V4, f.eks kraftig (regn) eller lette (snøbyger).','nb-NO');
insert into element_description (element_id, description, description_locale) values ('over_time(precipitation_type_primary_significance_intensity P1D)','Vêrintensitet knytta til vêrslag gitt ved V4, t.d kraftig (regn) eller lette (snøbyger).','nn-NO');
insert into element_description (element_id, description, description_locale) values ('over_time(precipitation_type_secondary_significance P1D)','Været i seks- eller tolvtimersperioden før observasjonstida, tall- eller bokstavkode for ulike værslag, inntil fire forekomster (V4-V7)','nb-NO');
insert into element_description (element_id, description, description_locale) values ('over_time(precipitation_type_secondary_significance P1D)','Vêret i seks- eller tolvtimarsperioden før observasjonstida, tal- eller bokstavkode for ulike vêrslag, inntil fire førekomstar (V4-V7)','nn-NO');
insert into element_description (element_id, description, description_locale) values ('over_time(precipitation_type_secondary_significance P1D)','Weather during six or twelve hours before time of observation, code (number or letter) for different types of weather; up to four codes may be given (V4-V7)','en-US');
insert into element_description (element_id, description, description_locale) values ('over_time(precipitation_type_secondary_significance PT6H)','Været i seks- eller tolvtimersperioden før observasjonstida, tall- eller bokstavkode for ulike værslag, inntil fire forekomster (V4-V7)','nb-NO');
insert into element_description (element_id, description, description_locale) values ('over_time(precipitation_type_secondary_significance PT6H)','Vêret i seks- eller tolvtimarsperioden før observasjonstida, tal- eller bokstavkode for ulike vêrslag, inntil fire førekomstar (V4-V7)','nn-NO');
insert into element_description (element_id, description, description_locale) values ('over_time(precipitation_type_secondary_significance PT6H)','Weather during six or twelve hours before time of observation, code (number or letter) for different types of weather; up to four codes may be given (V4-V7)','en-US');
insert into element_description (element_id, description, description_locale) values ('over_time(precipitation_type_secondary_significance_intensity P1D)','Intencity of weather given by V5, e.g. heavy (rain) or light (showers of snow).','en-US');
insert into element_description (element_id, description, description_locale) values ('over_time(precipitation_type_secondary_significance_intensity P1D)','Værintensitet knytta til værslag gitt ved V5, f.eks kraftig (regn) eller lette (snøbyger).','nb-NO');
insert into element_description (element_id, description, description_locale) values ('over_time(precipitation_type_secondary_significance_intensity P1D)','Vêrintensitet knytta til vêrslag gitt ved V5, t.d kraftig (regn) eller lette (snøbyger).','nn-NO');
insert into element_description (element_id, description, description_locale) values ('over_time(precipitation_type_tertiary_significance P1D)','Været i seks- eller tolvtimersperioden før observasjonstida, tall- eller bokstavkode for ulike værslag, inntil fire forekomster (V4-V7)','nb-NO');
insert into element_description (element_id, description, description_locale) values ('over_time(precipitation_type_tertiary_significance P1D)','Vêret i seks- eller tolvtimarsperioden før observasjonstida, tal- eller bokstavkode for ulike vêrslag, inntil fire førekomstar (V4-V7)','nn-NO');
insert into element_description (element_id, description, description_locale) values ('over_time(precipitation_type_tertiary_significance P1D)','Weather during six or twelve hours before time of observation, code (number or letter) for different types of weather; up to four codes may be given (V4-V7)','en-US');
insert into element_description (element_id, description, description_locale) values ('over_time(precipitation_type_tertiary_significance PT6H)','Været i seks- eller tolvtimersperioden før observasjonstida, tall- eller bokstavkode for ulike værslag, inntil fire forekomster (V4-V7)','nb-NO');
insert into element_description (element_id, description, description_locale) values ('over_time(precipitation_type_tertiary_significance PT6H)','Vêret i seks- eller tolvtimarsperioden før observasjonstida, tal- eller bokstavkode for ulike vêrslag, inntil fire førekomstar (V4-V7)','nn-NO');
insert into element_description (element_id, description, description_locale) values ('over_time(precipitation_type_tertiary_significance PT6H)','Weather during six or twelve hours before time of observation, code (number or letter) for different types of weather; up to four codes may be given (V4-V7)','en-US');
insert into element_description (element_id, description, description_locale) values ('over_time(precipitation_type_tertiary_significance_intensity P1D)','Intencity of weather given by V6, e.g. heavy (rain) or light (showers of snow).','en-US');
insert into element_description (element_id, description, description_locale) values ('over_time(precipitation_type_tertiary_significance_intensity P1D)','Værintensitet knytta til værslag gitt ved V6, f.eks kraftig (regn) eller lette (snøbyger).','nb-NO');
insert into element_description (element_id, description, description_locale) values ('over_time(precipitation_type_tertiary_significance_intensity P1D)','Vêrintensitet knytta til vêrslag gitt ved V6, t.d kraftig (regn) eller lette (snøbyger).','nn-NO');
insert into element_description (element_id, description, description_locale) values ('over_time(weather_type_primary_significance PT6H)','Highest code for weather since last main observation time (code 0 - 9)','en-US');
insert into element_description (element_id, description, description_locale) values ('over_time(weather_type_primary_significance PT6H)','Høgaste kode for vêret sidan forrige hovudobservasjonstid (kode 0-9)','nn-NO');
insert into element_description (element_id, description, description_locale) values ('over_time(weather_type_primary_significance PT6H)','Høyeste kode for været siden forrige hovedobservasjonstid (kode 0-9)','nb-NO');
insert into element_description (element_id, description, description_locale) values ('over_time(weather_type_secondary_significance PT6H)','Nest høgaste kode for vêret sidan forrige hovudobservasjonstid (kode 0-9)','nn-NO');
insert into element_description (element_id, description, description_locale) values ('over_time(weather_type_secondary_significance PT6H)','Nest høyeste kode for været siden forrige hovedobservasjonstid (kode 0-9)','nb-NO');
insert into element_description (element_id, description, description_locale) values ('over_time(weather_type_secondary_significance PT6H)','Second highest code for weather since last main observation time (code 0 - 9)','en-US');
insert into element_description (element_id, description, description_locale) values ('precipitation_type_quaternary_significance','Været i seks- eller tolvtimersperioden før observasjonstida, tall- eller bokstavkode for ulike værslag, inntil fire forekomster (V4-V7)','nb-NO');
insert into element_description (element_id, description, description_locale) values ('precipitation_type_quaternary_significance','Vêret i seks- eller tolvtimarsperioden før observasjonstida, tal- eller bokstavkode for ulike vêrslag, inntil fire førekomstar (V4-V7)','nn-NO');
insert into element_description (element_id, description, description_locale) values ('precipitation_type_quaternary_significance','Weather during six or twelve hours before time of observation, code (number or letter) for different types of weather; up to four codes may be given (V4-V7)','en-US');
insert into element_description (element_id, description, description_locale) values ('sea_wave_spectrum_peak_energy','Primary Wave Spectral Density (MIROS)','en-US');
insert into element_description (element_id, description, description_locale) values ('sea_wave_spectrum_peak_energy','Primær bølgen sin spektral tetthet (MIROS)','nn-NO');
insert into element_description (element_id, description, description_locale) values ('sea_wave_spectrum_peak_energy','Primær bølgens spektral tetthet (MIROS)','nb-NO');
insert into element_description (element_id, description, description_locale) values ('sum(boolean_clear_sky_weather(cloud_area_fraction P1D) P1M)','"Daily value: If sum of NN at 6, 12 and 18 utc is 4 or lower, then NN04=1, else 0.Monthly value: Sum of daily NN04s (number of days with clear sky)."','en-US');
insert into element_description (element_id, description, description_locale) values ('sum(boolean_clear_sky_weather(cloud_area_fraction P1D) P1M)','"Døgnverdi: Dersom summen av NN kl 6, 12 og 18 utc er 4 eller lavere, blir NN04=1, ellers 0.Månedsverdi: Sum av døgn-NN04 (antall dager med klarvær)."','nb-NO');
insert into element_description (element_id, description, description_locale) values ('sum(boolean_clear_sky_weather(cloud_area_fraction P1D) P1M)','"Døgnverdi: Dersom summen av NN kl 6, 12 og 18 utc er 4 eller lågare, vert NN04=1, elles 0.Månadsverdi: Sum av døgn-NN04 (talet på dagar med klårvêr)."','nn-NO');
insert into element_description (element_id, description, description_locale) values ('sum(boolean_fair_weather(cloud_area_fraction P1D) P1M)','"Daily value: If sum of NN at 6, 12 and 18 utc is 9 or lower (and no single NN-value is above 4), then NN09=1, else 0.Monthly value: Sum of daily NN09s (number of days with fair weather)."','en-US');
insert into element_description (element_id, description, description_locale) values ('sum(boolean_fair_weather(cloud_area_fraction P1D) P1M)','"Døgnverdi: Dersom summen av NN kl 6, 12 og 18 utc er 9 eller lavere (og ingen NN er høyere enn 4), blir NN09=1, ellers 0.Månedsverdi: Sum av døgn-NN09 (antall dager med pent vær)."','nb-NO');
insert into element_description (element_id, description, description_locale) values ('sum(boolean_fair_weather(cloud_area_fraction P1D) P1M)','"Døgnverdi: Dersom summen av NN kl 6, 12 og 18 utc er 9 eller lågare (og ingen NN er høgare enn 4), vert NN09=1, elles 0.Månadsverdi: Sum av døgn-NN09 (talet på dagar med pent vêr)."','nn-NO');
insert into element_description (element_id, description, description_locale) values ('sum(duration_of_sunshine PT1M)','Antall minutter med sol siste time','nb-NO');
insert into element_description (element_id, description, description_locale) values ('sum(duration_of_sunshine PT1M)','Kor mange minutt i løpet av siste time det har vore sol','nn-NO');
insert into element_description (element_id, description, description_locale) values ('sum(duration_of_sunshine PT1M)','Number of minutes (within the hour) with sunshine','en-US');
insert into element_description (element_id, description, description_locale) values ('sum(precipitation_amount PT30D)','Nedbør for ein løpande månad (30 døgn)','nn-NO');
insert into element_description (element_id, description, description_locale) values ('sum(precipitation_amount PT30D)','Nedbør for en løpende måned (30 døgn)','nb-NO');
insert into element_description (element_id, description, description_locale) values ('sum(precipitation_amount PT30D)','Precipitation last 30 days','en-US');
insert into element_description (element_id, description, description_locale) values ('weather_type_automatic','Været ved observasjonstiden, automatisk målt','nb-NO');
insert into element_description (element_id, description, description_locale) values ('weather_type_automatic','Vêret ved observasjonstida','nn-NO');
insert into element_description (element_id, description, description_locale) values ('weather_type_automatic','Weather at observation time','en-US');

--insert to codetables
insert into element_codetable (element_id, codetable_name) values ('over_time(precipitation_type_primary_significance PT6H)','precipitation_type_significance');
insert into element_codetable (element_id, codetable_name) values ('over_time(precipitation_type_primary_significance_intensity P1D)','precipitation_type_intensity');
insert into element_codetable (element_id, codetable_name) values ('over_time(precipitation_type_secondary_significance P1D)','precipitation_type_significance');
insert into element_codetable (element_id, codetable_name) values ('over_time(precipitation_type_secondary_significance PT6H)','precipitation_type_significance');
insert into element_codetable (element_id, codetable_name) values ('over_time(precipitation_type_secondary_significance_intensity P1D)','precipitation_type_intensity');
insert into element_codetable (element_id, codetable_name) values ('over_time(precipitation_type_tertiary_significance P1D)','precipitation_type_significance');
insert into element_codetable (element_id, codetable_name) values ('over_time(precipitation_type_tertiary_significance PT6H)','precipitation_type_significance');
insert into element_codetable (element_id, codetable_name) values ('over_time(precipitation_type_tertiary_significance_intensity P1D)','precipitation_type_intensity');
insert into element_codetable (element_id, codetable_name) values ('over_time(weather_type_additional1 PT6H)','past_weather_info');
insert into element_codetable (element_id, codetable_name) values ('over_time(weather_type_additional2 PT6H)','past_weather_info');
insert into element_codetable (element_id, codetable_name) values ('over_time(weather_type_additional3 PT6H)','past_weather_info');
insert into element_codetable (element_id, codetable_name) values ('over_time(weather_type_primary_significance PT3H)','past_weather');
insert into element_codetable (element_id, codetable_name) values ('over_time(weather_type_primary_significance PT6H)','past_weather');
insert into element_codetable (element_id, codetable_name) values ('over_time(weather_type_secondary_significance PT3H)','past_weather');
insert into element_codetable (element_id, codetable_name) values ('over_time(weather_type_secondary_significance PT6H)','past_weather');
insert into element_codetable (element_id, codetable_name) values ('precipitation_type_primary_significance','precipitation_type_significance');
insert into element_codetable (element_id, codetable_name) values ('precipitation_type_quaternary_significance','precipitation_type_significance');
insert into element_codetable (element_id, codetable_name) values ('precipitation_type_secondary_significance','precipitation_type_significance');
insert into element_codetable (element_id, codetable_name) values ('precipitation_type_tertiary_significance','precipitation_type_significance');
insert into element_codetable (element_id, codetable_name) values ('weather_type','present_weather_manned');
insert into element_codetable (element_id, codetable_name) values ('weather_type_automatic','present_weather_automatic');

--insert into kdvh_elements
insert into kdvh_element (element_id, elem_code,category,unit) values ('boolean_clear_sky_weather(cloud_area_fraction P1D)','NN04','Clouds','sum');
insert into kdvh_element (element_id, elem_code,category,unit) values ('boolean_fair_weather(cloud_area_fraction P1D)','NN09','Clouds','sum');
insert into kdvh_element (element_id, elem_code,category,unit) values ('integral_of_deficit(mean(air_temperature P1D) P1M 0.0)','VSUM','Temperature','degree-day');
insert into kdvh_element (element_id, elem_code,category,unit) values ('integral_of_deficit(mean(air_temperature PT1H) P1D 0.0)','VSUM','Temperature','degree-day');
insert into kdvh_element (element_id, elem_code,category,unit) values ('integral_of_excess(mean(air_temperature P1D) P1M 17.0)','GD17','Temperature','degree-day');
insert into kdvh_element (element_id, elem_code,category,unit) values ('integral_of_excess(mean(air_temperature PT1H) P1D 17.0)','GD17','Temperature','degree-day');
insert into kdvh_element (element_id, elem_code,category,unit) values ('max(max(wind_speed P1D) P1M)','FXX','Wind','m/s');
insert into kdvh_element (element_id, elem_code,category,unit) values ('max(max(wind_speed PT1H) P1D)','FXX','Wind','m/s');
insert into kdvh_element (element_id, elem_code,category,unit) values ('max(min(grass_temperature P1D) P1M)','TGNX','Temperature','degC');
insert into kdvh_element (element_id, elem_code,category,unit) values ('max(relative_humidity PT1H)','UX','Humidity','percent');
insert into kdvh_element (element_id, elem_code,category,unit) values ('max(surface_downwelling_shortwave_flux_in_air PT1H)','QSIX','Radiation','W/m2');
insert into kdvh_element (element_id, elem_code,category,unit) values ('max(surface_upwelling_longwave_flux_in_air PT1H)','QLOX','Radiation','W/m2');
insert into kdvh_element (element_id, elem_code,category,unit) values ('mean(max(wind_speed P1D) P1M)','FXM','Wind','m/s');
insert into kdvh_element (element_id, elem_code,category,unit) values ('mean(max(wind_speed PT1H) P1D)','FXM','Wind','m/s');
insert into kdvh_element (element_id, elem_code,category,unit) values ('mean(min(grass_temperature P1D) P1M)','TGNM','Temperature','degC');
insert into kdvh_element (element_id, elem_code,category,unit) values ('mean(relative_humidity PT1H)','UM','Humidity','percent');
insert into kdvh_element (element_id, elem_code,category,unit) values ('mean(water_vapor_partial_pressure_in_air P1D)','VP','Air pressure','hPa');
insert into kdvh_element (element_id, elem_code,category,unit) values ('mean(water_vapor_partial_pressure_in_air P1M)','VP','Air pressure','hPa');
insert into kdvh_element (element_id, elem_code,category,unit) values ('min(min(grass_temperature P1D) P1M)','TGNN','Temperature','degC');
insert into kdvh_element (element_id, elem_code,category,unit) values ('min(relative_humidity PT1H)','UN','Humidity','percent');
insert into kdvh_element (element_id, elem_code,category,unit) values ('over_time(precipitation_type_primary_significance PT6H)','V4','Weather','code');
insert into kdvh_element (element_id, elem_code,category,unit) values ('over_time(precipitation_type_primary_significance_intensity P1D)','V4S','Weather','code');
insert into kdvh_element (element_id, elem_code,category,unit) values ('over_time(precipitation_type_secondary_significance P1D)','V5','Weather','code');
insert into kdvh_element (element_id, elem_code,category,unit) values ('over_time(precipitation_type_secondary_significance PT6H)','V5','Weather','code');
insert into kdvh_element (element_id, elem_code,category,unit) values ('over_time(precipitation_type_secondary_significance_intensity P1D)','V5S','Weather','code');
insert into kdvh_element (element_id, elem_code,category,unit) values ('over_time(precipitation_type_tertiary_significance P1D)','V6','Weather','code');
insert into kdvh_element (element_id, elem_code,category,unit) values ('over_time(precipitation_type_tertiary_significance PT6H)','V6','Weather','code');
insert into kdvh_element (element_id, elem_code,category,unit) values ('over_time(precipitation_type_tertiary_significance_intensity P1D)','V6S','Weather','code');
insert into kdvh_element (element_id, elem_code,category,unit) values ('over_time(weather_type_primary_significance PT6H)','W1','Weather','code');
insert into kdvh_element (element_id, elem_code,category,unit) values ('over_time(weather_type_secondary_significance PT6H)','W2','Weather','code');
insert into kdvh_element (element_id, elem_code,category,unit) values ('precipitation_type_quaternary_significance','V7','Weather','code');
insert into kdvh_element (element_id, elem_code,category,unit) values ('sea_wave_spectrum_peak_energy','SDP1','Waves','m*m/H');
insert into kdvh_element (element_id, elem_code,category,unit) values ('sum(boolean_clear_sky_weather(cloud_area_fraction P1D) P1M)','NN04','Clouds','sum');
insert into kdvh_element (element_id, elem_code,category,unit) values ('sum(boolean_fair_weather(cloud_area_fraction P1D) P1M)','NN09','Clouds','sum');
insert into kdvh_element (element_id, elem_code,category,unit) values ('sum(duration_of_sunshine PT1M)','OT_1','Sunshine','minutes');
insert into kdvh_element (element_id, elem_code,category,unit) values ('sum(precipitation_amount PT30D)','RR_720','Precipitation','mm');
insert into kdvh_element (element_id, elem_code,category,unit) values ('weather_type_automatic','WAWA','Weather','code');
insert into kdvh_element (element_id, elem_code,category,unit) values ('weather_type_automatic','WAWA_015','Weather','code');

# --- !Downs

